0.000000000000000000e+00,0.000000000000000000e+00,0.000000000000000000e+00,0.000000000000000000e+00,0.000000000000000000e+00,0.000000000000000000e+00
-2.858920810112270061e+00,-1.463443369802702509e+00,-2.197605202763726950e+00,-1.665686285585873172e+00,9.622069698034309226e+00,-6.193799496075596878e+00
-3.938939072303222488e-01,2.677728596942132722e+00,1.072662276244306101e-01,1.524419100169649877e+00,1.411880598799992015e+01,-3.008871810566569494e+00
1.039163199233360535e-01,2.723210654371450712e-01,-1.198470082619831345e-01,-1.174930938147436876e+00,1.072936333135031006e+01,-7.232926971018243556e+00
-3.892824235647689424e+00,-7.101715170692952661e+00,-7.079928603636941986e+00,-7.120417041465788799e+00,-7.745151264203567365e+00,-9.169098074666365505e+00
0.000000000000000000e+00,0.000000000000000000e+00,0.000000000000000000e+00,0.000000000000000000e+00,0.000000000000000000e+00,0.000000000000000000e+00
-7.683954514522662649e+00,-7.665089406362521451e+00,-5.002853313498821564e+00,-7.725014689644257082e+00,-8.319987470730962897e+00,-1.058577635906797809e+01
-5.389136046050753137e+00,-5.450439384715624058e+00,-4.827058370512192553e+00,-5.430671102178189713e+00,-7.454077920994797601e+00,-7.930519255255471300e+00
4.823731515743064691e+00,-3.963284967718865737e+00,-3.966700619573293451e+00,-3.907949985578926366e+00,-1.041983755059184880e+01,-8.416316510988171018e+00
1.211650490204342567e+00,-6.512992398305676112e+00,-6.526507110209277762e+00,-6.535160592982530048e+00,-8.855491982922318428e+00,-8.164880402763808220e+00
0.000000000000000000e+00,0.000000000000000000e+00,0.000000000000000000e+00,0.000000000000000000e+00,0.000000000000000000e+00,0.000000000000000000e+00
3.530430096683280006e+00,-5.807356007890646765e+00,-5.893959614009199655e+00,-5.887284665892492441e+00,-7.725793074440435504e+00,-1.145738290125749614e+01
-2.154518701154033877e+00,-6.125740000988786349e+00,-6.135234634470378090e+00,-6.157382516897960123e+00,-8.684510489644592823e+00,-1.014616956698626815e+01
-2.416964492054810565e-01,-5.287394851482882352e+00,-5.270309899002232790e+00,-5.309317812048726992e+00,-8.561174511571405077e+00,-8.808035212240444167e+00
-2.391836399892336651e+00,-6.884267305815160221e+00,-6.857417272460915036e+00,-6.924415829075320161e+00,-8.611404207330286553e+00,-9.492481744492959450e+00
0.000000000000000000e+00,0.000000000000000000e+00,0.000000000000000000e+00,0.000000000000000000e+00,0.000000000000000000e+00,0.000000000000000000e+00
1.474413263525095452e+01,1.162139933356094268e+01,8.434146996077785730e+00,1.743106769957698177e+01,6.294295169831476855e+00,1.999999999999998579e+01
1.072936333135016618e+01,1.565728001690282589e+00,-3.040098214990933467e+00,2.364565448581146256e-01,-5.632159369707980368e+00,-3.309924388724568622e+00
1.527152119999992763e+01,5.993882476467643272e+00,-1.252485555223567193e+00,4.985737178723915086e+00,-2.816045819377636761e+00,2.786288330964452609e-01
1.184784174883870378e+01,3.948115388395067704e+00,-7.095786434640191098e-01,5.057625765820187524e+00,-7.643264921736746764e+00,6.163569285773919937e-01
0.000000000000000000e+00,0.000000000000000000e+00,0.000000000000000000e+00,0.000000000000000000e+00,0.000000000000000000e+00,0.000000000000000000e+00
-4.595268789456387282e+00,-4.552726346228641141e+00,-4.580542845177983935e+00,6.945964440104162030e+00,-7.363381704879963685e+00,-5.798997073272428970e+00
-2.075778857643106878e+00,-2.061498320097759684e+00,-2.071984369046717234e+00,1.094369778612244382e+01,-7.973209516948535303e+00,-6.424331467712667276e+00
-2.512815447416684833e+00,-1.416313799878149204e+00,-1.385778618382292215e+00,9.622069698032476026e+00,-4.671790474178574293e+00,-7.562395908495339825e+00
-1.598537745140782729e+00,-7.002173006385680409e+00,-6.984602695056155497e+00,-6.960957283570890830e+00,-9.089700317897182913e+00,-1.063285158570267797e+01
0.000000000000000000e+00,0.000000000000000000e+00,0.000000000000000000e+00,0.000000000000000000e+00,0.000000000000000000e+00,0.000000000000000000e+00
9.265820988512787904e-02,-7.548411717875654681e+00,-7.442742570476529984e+00,-7.416254320884443807e+00,-1.182413494805260612e+01,-9.171200810258419267e+00
-2.851576070652850348e-01,-5.298204511774311065e+00,-5.314136157331234678e+00,-5.325702108592961004e+00,-8.742716494983351794e+00,-7.849859684485863909e+00
2.902047236403669794e-01,-4.007754501426975757e+00,-3.976869679209606101e+00,-3.966970037934776094e+00,-8.007334871491954331e+00,-6.997398099635194768e+00
-2.232528547640478145e+00,-6.700204356089026092e+00,-6.673420319132122636e+00,-6.673702167768941429e+00,-1.010377229701719770e+01,-9.117675406021600537e+00
0.000000000000000000e+00,0.000000000000000000e+00,0.000000000000000000e+00,0.000000000000000000e+00,0.000000000000000000e+00,0.000000000000000000e+00
-4.928102679868737734e-01,-5.906686096882120651e+00,-5.855938758050121429e+00,-5.902536425867842773e+00,-9.220099814840381214e+00,-7.319333107816458295e+00
-3.205314281059862491e+00,-6.025968381275373709e+00,-6.072212491172773952e+00,-6.063602792112046558e+00,-9.036062232527260818e+00,-7.873060402500903443e+00
6.332364297137749176e-01,-5.226372373114757330e+00,-5.297492485716943200e+00,-5.272664194089511369e+00,-7.575065045195682245e+00,-5.951361889783944648e+00
-1.100265291862237760e+00,-6.557403256814855474e+00,-6.597715479025149321e+00,-6.636707004429759138e+00,-7.840442740786836673e+00,-9.971208140165661149e+00
0.000000000000000000e+00,0.000000000000000000e+00,0.000000000000000000e+00,0.000000000000000000e+00,0.000000000000000000e+00,0.000000000000000000e+00
-1.999000000000000221e-01,-2.237653216000000111e-01,-1.999000000000000221e-01,1.544366570948971606e+01,-2.452394260859544595e+00,-1.000000000000000000e+00
1.896551655918030654e-01,-2.838817884555923765e+00,-2.761836924400868476e+00,-2.738707041202489201e+00,-7.074990642592116963e+00,-5.705282677828195759e+00
-1.128263454029974078e+00,-1.166506247769903748e+00,-1.251129442781093060e+00,-1.069122380244191817e+00,-5.962707261502778522e+00,-4.296376658452929931e+00
6.825043263645485858e+00,-2.153800627288593006e+00,-2.043389614023133571e+00,-1.970218171410490049e+00,-8.802449852108365391e+00,-7.844665071443640336e+00
0.000000000000000000e+00,0.000000000000000000e+00,0.000000000000000000e+00,0.000000000000000000e+00,0.000000000000000000e+00,0.000000000000000000e+00
-2.490141206300014787e+00,-7.175965266302932299e+00,-7.156096161302150982e+00,-6.814607473982205121e+00,-8.009123699032432597e+00,-8.192770370403538394e+00
3.683949712438396862e-01,-4.509814585736831027e+00,-4.468503614613601904e+00,-4.483239763487781637e+00,-6.667394868280068998e+00,-7.371466220035410188e+00
-2.215049189756151948e-02,-6.398598747871016457e+00,-6.449472991595564864e+00,-6.393783977761395398e+00,-7.691400156768835927e+00,-1.005559392114872708e+01
-4.544325052024655420e+00,-4.432446364837104191e+00,5.850362544224949168e+00,-4.498053401603701040e+00,-5.837306980007634039e+00,-7.249686680503308445e+00
0.000000000000000000e+00,0.000000000000000000e+00,0.000000000000000000e+00,0.000000000000000000e+00,0.000000000000000000e+00,0.000000000000000000e+00
-4.921117109036090120e+00,-4.950768554874276361e+00,5.189214530854483698e+00,-4.988273082447310713e+00,-5.712873009082039211e+00,-9.043660186577461957e+00
-3.003281118758031276e+00,-2.995555471997053854e+00,1.061901834946889522e+01,-2.973353126651908873e+00,-7.160465291793466136e+00,-8.156317433680168705e+00
2.071875079015474075e+00,-5.081605205547161219e+00,-5.188352774632488895e+00,-5.130307288644778474e+00,-9.864443894664843171e+00,-7.647524010096617531e+00
-8.368784102268149727e-01,-7.791939483824060098e+00,-7.797098966689882005e+00,-7.726568970707528017e+00,-1.126768677387243223e+01,-1.102015535390668433e+01
0.000000000000000000e+00,0.000000000000000000e+00,0.000000000000000000e+00,0.000000000000000000e+00,0.000000000000000000e+00,0.000000000000000000e+00
1.181958189871671783e+00,-6.540821328767129295e+00,-7.070689918403552099e+00,-7.081974550364295240e+00,-9.404462568651995369e+00,-1.175609205980404859e+01
-4.235062922466237723e+00,-5.043256994757093103e+00,-5.239801624561335469e-03,-5.080395299319805602e+00,-6.860191161166830476e+00,-6.423634582640493029e+00
3.107247983569636940e+00,-4.177370414212927763e+00,-3.507917889712831805e+00,-3.675964077159623589e+00,-7.596179844251138569e+00,-6.139316273809501290e+00
-1.479198647128742827e+00,-5.459836129033502239e+00,-5.141217454751719984e+00,-5.516652372560284512e+00,-8.938040703068622861e+00,-1.025399871924545003e+01
0.000000000000000000e+00,0.000000000000000000e+00,0.000000000000000000e+00,0.000000000000000000e+00,0.000000000000000000e+00,0.000000000000000000e+00
-1.703273643821749284e+00,-1.818667146290536163e+00,-1.778403866424873359e+00,-1.778399931149213353e+00,-5.670082642338174495e+00,-3.693322170965631646e+00
-2.907901000000000513e-01,-2.997001000000000248e-01,1.345069872981807801e-02,-3.983001289480000429e-01,-1.000000000000000000e+00,-1.000000000000000000e+00
-1.460478420531059918e+00,-2.324069436317104831e+00,-2.234644060080724692e+00,-2.318742387172862962e+00,-9.293740891172525664e+00,-7.779956475957315654e+00
-8.523579237277441045e-01,-8.510355339638686623e-01,-8.920047829540505013e-01,-8.688751216952949052e-01,-2.763801173800000122e+00,-6.324430548431197785e+00
0.000000000000000000e+00,0.000000000000000000e+00,0.000000000000000000e+00,0.000000000000000000e+00,0.000000000000000000e+00,0.000000000000000000e+00
-2.154066881826898427e+00,-7.454461011983820384e+00,-7.464054205382307572e+00,-7.451155048255031943e+00,-1.053152850189963097e+01,-8.737476750243873269e+00
4.267865163236177928e+00,-4.629222821705036850e+00,-4.682739534703680206e+00,-4.637322820917742838e+00,-8.694512235293901270e+00,-9.911962573301218882e+00
1.303110989770125183e+00,-6.719062987057265346e+00,-6.692054409487262490e+00,-6.692541769265705653e+00,-9.059108358370874470e+00,-9.072880878083445566e+00
-1.487053185924525067e+00,-1.943848200904242374e+00,8.525849001053497744e+00,-3.651873182658643469e+00,-3.957974411215468002e+00,-6.105353731511847570e+00
0.000000000000000000e+00,0.000000000000000000e+00,0.000000000000000000e+00,0.000000000000000000e+00,0.000000000000000000e+00,0.000000000000000000e+00
-1.660539072116658854e+00,-2.283072941714623827e+00,8.525849001054265131e+00,-2.537353248162267594e+00,-8.918791451477254384e+00,-6.133318783969733623e+00
-1.359598882673942688e+00,9.459282293633020089e-01,1.184784174858292793e+01,3.809167264881906378e-01,-4.992281238515752229e+00,-3.190048642926507139e+00
1.663239638942622278e+00,-4.779196670470158281e+00,-5.217512864676001172e+00,-5.200933904092104321e+00,-1.019254672694071040e+01,-9.365252239085467778e+00
-1.649883897261959165e+00,-7.886597387539812765e+00,-7.973089482944548223e+00,-7.906632406610406782e+00,-1.042652846199616512e+01,-8.602393773512462261e+00
0.000000000000000000e+00,0.000000000000000000e+00,0.000000000000000000e+00,0.000000000000000000e+00,0.000000000000000000e+00,0.000000000000000000e+00
-1.851250085878043183e+00,-7.345468214138836771e+00,-7.285589907829290723e+00,-7.275976491055610396e+00,-1.073979626907639684e+01,-9.817289704576319664e+00
5.640764606967021422e+00,-5.038677424817258554e+00,-5.101086368562097739e+00,-5.039234889230607806e+00,-9.209412464210366522e+00,-7.856117873634051563e+00
5.398770149559920739e+00,-3.985535160416164846e+00,-4.047377341344315482e+00,-3.997494119803901569e+00,-8.066410561199498730e+00,-9.549711846919498370e+00
5.391269649476043924e+00,-5.492841452054487483e+00,-5.481917849370381290e+00,-5.433841410457079135e+00,-8.525688658673201914e+00,-8.549378811625064856e+00
0.000000000000000000e+00,0.000000000000000000e+00,0.000000000000000000e+00,0.000000000000000000e+00,0.000000000000000000e+00,0.000000000000000000e+00
5.423984340847123775e+00,-2.171594533735705213e+00,-2.203941967914683886e+00,-2.126913029301588320e+00,-3.617416970463425141e+00,-4.568550832656972815e+00
-2.987200000000000411e-01,-2.871370000000000311e-01,1.105852277896497959e+01,-3.875805085988042742e-01,-1.909899999999999931e+00,-3.793351089789999797e+00
1.184784174883870378e+01,1.056028447677211934e+00,3.608430258449764061e-01,-2.608378294011736820e+00,-4.668396765071483046e+00,-5.630984149235828795e+00
1.829604276275903718e+00,-8.777895878878309022e-01,-8.638666464001336642e-01,-9.512581515549870526e-01,-2.728810000000000180e+00,-2.764513260999999833e+00
0.000000000000000000e+00,0.000000000000000000e+00,0.000000000000000000e+00,0.000000000000000000e+00,0.000000000000000000e+00,0.000000000000000000e+00
-7.725095557945744318e+00,-7.706924321322667026e+00,-7.705976665229330003e+00,-6.870068765670611199e+00,-8.765106860552428714e+00,-8.755824505337841401e+00
-4.817338095762206507e+00,-4.822548583286021540e+00,-4.770457175038086639e+00,-6.566946103687472114e-01,-8.041709958659462032e+00,-7.461747319243450249e+00
-6.861812171406185712e+00,-6.952041663478205180e+00,-6.922428741449007994e+00,-3.702554915101544886e+00,-9.470571479370326173e+00,-1.027387636700597184e+01
7.458957158151228173e-01,-1.757479496361248339e+00,-1.205789140727260511e+00,-1.476527287008534639e+00,9.622069698036799679e+00,-3.312779246339096595e+00
0.000000000000000000e+00,0.000000000000000000e+00,0.000000000000000000e+00,0.000000000000000000e+00,0.000000000000000000e+00,0.000000000000000000e+00
-4.158587387835358529e-01,-2.731094717611384226e+00,1.834404975404080318e+00,2.172049408921115088e+00,9.622069698036799679e+00,-6.960528765628692049e+00
4.110215199637712313e-01,8.532858067894213416e-01,-1.557193954470150077e+00,1.994003197693634544e-01,1.297761792811838966e+01,-2.842581177947204107e+00
-2.363577228140129716e+00,-5.391273203640306377e+00,-5.343977558038657705e+00,-5.325400458236669188e+00,-9.408738082188687457e+00,-8.937868732099373048e+00
-8.089180369880736521e+00,-8.052965528898221592e+00,-8.094941224005548719e+00,-6.331612489763571716e+00,-1.127187367472310520e+01,-8.335106528425948014e+00
0.000000000000000000e+00,0.000000000000000000e+00,0.000000000000000000e+00,0.000000000000000000e+00,0.000000000000000000e+00,0.000000000000000000e+00
-6.656872454218205171e+00,-7.571681333866234098e+00,-7.600316042708535669e+00,-7.536752573094264385e+00,-1.057627497651309234e+01,-1.166132478029718733e+01
-5.051004380110999392e+00,-5.070691934295807002e+00,-4.890095402688491966e+00,-6.921085380449336633e-01,-7.779691675844119025e+00,-8.189337491351167841e+00
1.556704509810233894e+00,-4.155021853301206214e+00,-3.994780462545245214e+00,-4.035998102597885939e+00,-7.273726851614229716e+00,-5.093953491209124884e+00
-5.512719780415381798e+00,-5.472467905884117911e+00,-5.508703132418897752e+00,-6.341580511938672560e-01,-9.823372765499129855e+00,-8.373687967752346140e+00
0.000000000000000000e+00,0.000000000000000000e+00,0.000000000000000000e+00,0.000000000000000000e+00,0.000000000000000000e+00,0.000000000000000000e+00
1.072936333135031006e+01,2.335552227665082636e+00,3.103257721087625320e+00,-1.405690454374428855e+00,-4.692523641696581649e+00,1.970040306489757587e+00
1.301801867281161229e+01,1.325905387006564062e+01,1.462740942812294875e+01,3.187977373309216489e+00,6.521248787976022143e+00,1.999999999999998579e+01
-2.092102297542120848e+00,2.546088953499810348e+00,-1.888532515118597654e+00,1.072936333135031006e+01,-3.212646745044928753e+00,1.392753652788216723e+00
1.411880598799982600e+01,8.687393908092189143e-02,1.387143898377143580e+00,-1.141369277631447021e+00,-2.038423733219643985e+00,1.427401524141702405e+00
0.000000000000000000e+00,0.000000000000000000e+00,0.000000000000000000e+00,0.000000000000000000e+00,0.000000000000000000e+00,0.000000000000000000e+00
-1.664996676940512454e+00,8.525849000997002491e+00,-6.541962321475913722e-02,-1.289713525222846879e+00,-7.142191029108204248e+00,-5.119392049680049794e+00
5.147716683595811027e-01,1.297761792811952652e+01,2.987442357023354145e+00,2.571865427723961428e+00,-1.537138930243186596e+00,-3.869845564678473959e+00
-2.048609216930189714e+00,9.616924005322990965e+00,-2.773035711012367344e+00,-3.851029451905172429e+00,-8.363848120681588227e+00,-9.002665135143585573e+00
1.285490395424838450e+00,-6.836741933541253147e+00,-6.813033069713506862e+00,-6.817229299713590152e+00,-7.659771180698255577e+00,-7.481636754349056950e+00
0.000000000000000000e+00,0.000000000000000000e+00,0.000000000000000000e+00,0.000000000000000000e+00,0.000000000000000000e+00,0.000000000000000000e+00
-2.152628634553258813e+00,-7.459032002296320130e+00,-7.292829771236987391e+00,-7.313774340451836053e+00,-1.027173331264681266e+01,-1.122662052861500470e+01
-1.335684827285103626e+00,-5.217964102013643135e+00,-5.170431775369694449e+00,-5.219045378808843338e+00,-7.504320326601602531e+00,-6.681315078083553516e+00
1.051388110345805416e+01,-3.330604023599388785e+00,-3.682074817515155640e+00,-2.472982839738918415e+00,-6.785638807045164533e+00,-7.389539675820492981e+00
6.335014791616215390e+00,-6.258698515205892932e+00,-5.404296258215397941e+00,-6.184263193054936103e+00,-9.260916586391410021e+00,-9.733479317319316593e+00
0.000000000000000000e+00,0.000000000000000000e+00,0.000000000000000000e+00,0.000000000000000000e+00,0.000000000000000000e+00,0.000000000000000000e+00
7.251850462897291294e+00,-5.266154482411887550e+00,-4.602025986327900497e+00,-5.594391813534971725e+00,-1.076174804602259272e+01,-1.141711625516383322e+01
2.779924834999856209e+00,-6.040772857381976557e+00,-6.043824235780625109e+00,-6.084685415141631637e+00,-1.041410161675272761e+01,-8.047446871074857455e+00
-5.021175927730469724e+00,-5.068885563285524753e+00,4.898604936648836450e+00,-5.043929590078316316e+00,-9.605794586569656346e+00,-7.386120907931472246e+00
-6.582362429727668385e+00,-6.548282182729333378e+00,2.915512711149687686e+00,-6.617786182797821937e+00,-1.050710016630474186e+01,-1.100453759323857739e+01
0.000000000000000000e+00,0.000000000000000000e+00,0.000000000000000000e+00,0.000000000000000000e+00,0.000000000000000000e+00,0.000000000000000000e+00
1.303992739188536909e+01,1.879999999999996874e+01,4.530077738573792701e+00,1.272518287696674832e+01,5.098695816913945578e+00,4.606048510340805535e+00
1.184784174883870378e+01,7.418406384110531882e-02,-1.148701476126769094e+00,1.807614788156226115e+00,-3.745896474773896756e+00,-3.513345667737366007e+00
1.643587999999993343e+01,1.825896947231010925e+00,-8.226238957623555059e-01,6.684354977104777440e+00,-6.174828802425805563e+00,-4.206645887860856803e+00
5.043847891345416556e+00,3.982798887949380084e+00,1.297761792811991199e+01,3.674578305047288662e+00,-4.327668908000195103e+00,-7.028536342410111715e+00
0.000000000000000000e+00,0.000000000000000000e+00,0.000000000000000000e+00,0.000000000000000000e+00,0.000000000000000000e+00,0.000000000000000000e+00
-5.010748044078580321e+00,-8.877781346975569532e-01,-4.923690700362429062e+00,7.440590505989303161e+00,-7.241983619705953501e+00,-6.406266893397794426e+00
-2.482338457807330201e+00,-3.777457418775433950e-01,-3.145483756796618735e-02,1.184784174872198825e+01,-7.011537916285661254e+00,-5.387891857951963459e+00
-1.518218664872142742e+00,8.525849000850525883e+00,-2.413079326350273668e-01,-3.008869130969636263e+00,-7.508507182368420629e+00,-9.135990083789824467e+00
2.605347943587210224e+00,-6.633964853657139393e+00,-6.665336590928188087e+00,-6.607351542073898187e+00,-8.398818393975602703e+00,-7.927550262827734784e+00
0.000000000000000000e+00,0.000000000000000000e+00,0.000000000000000000e+00,0.000000000000000000e+00,0.000000000000000000e+00,0.000000000000000000e+00
2.852613150031789058e+00,-6.251946749729530239e+00,-7.105783430284391855e+00,-7.065663282823075875e+00,-1.009356691241303494e+01,-1.051434445891422342e+01
5.152475965476207342e+00,-5.054570128501921111e+00,-4.709362794107827987e+00,-5.069024349997543588e+00,-6.274796493285970556e+00,-5.937516329867229103e+00
8.167107181713967989e+00,-3.829647150090606633e+00,-3.770808136376312625e+00,-3.761072612468027820e+00,-7.274003025543652967e+00,-7.547642940685412860e+00
-5.368173019558488690e+00,-6.474849981573390423e+00,-6.513923533827684409e+00,4.052062404890651948e+00,-8.410093966665993293e+00,-9.287594526528156536e+00
0.000000000000000000e+00,0.000000000000000000e+00,0.000000000000000000e+00,0.000000000000000000e+00,0.000000000000000000e+00,0.000000000000000000e+00
5.080936825793489930e+00,-5.743796930425871139e+00,-5.809592060031093297e+00,-5.779874470645695261e+00,-1.018428171129553839e+01,-1.171983771095087512e+01
3.726224672575387586e+00,-5.866571821343713466e+00,-5.884938332867554855e+00,-5.868090147686191749e+00,-7.648156878733405328e+00,-6.730038510974031496e+00
7.304306945116378458e+00,-4.360751325737175499e+00,-4.925717666771220138e+00,-4.687304736435136121e+00,-8.034853764023052847e+00,-9.194991470608053774e+00
5.228856747272496719e+00,-6.365127306631598536e+00,-6.334356943709469334e+00,-6.475401680622557166e+00,-9.391399270461109339e+00,-8.704336362066465327e+00
0.000000000000000000e+00,0.000000000000000000e+00,0.000000000000000000e+00,0.000000000000000000e+00,0.000000000000000000e+00,0.000000000000000000e+00
-4.399321976486464392e-01,-2.809000000000000385e-01,-2.997001000000000248e-01,1.367444541857667240e+01,-2.208619587690884956e+00,-1.909899999999999931e+00
9.456121897912659335e+00,-2.484413146365453962e+00,-2.408936340935888598e+00,-2.526517285212628305e+00,-6.609967131951208330e+00,-6.651765486288981677e+00
-1.028375393106264024e+00,-9.795428401269826724e-01,-1.073857915527887119e+00,4.609053526017570235e+00,-5.941421255560434211e+00,-4.358307067354837194e+00
1.411880598799992015e+01,-5.725006264868138794e-01,-1.767824142412236732e+00,1.988949255883824874e+00,-4.304551447441124168e+00,-4.097425283647620375e+00
0.000000000000000000e+00,0.000000000000000000e+00,0.000000000000000000e+00,0.000000000000000000e+00,0.000000000000000000e+00,0.000000000000000000e+00
4.217369358136105362e+00,-6.833143704750597180e+00,-6.489243701275453802e+00,-5.903614810094766518e+00,-1.006345197332427688e+01,-8.517423205280497456e+00
7.237725793567105548e+00,-4.152109662096432174e+00,-4.311417688041338181e+00,-4.165661694736733978e+00,-7.827305371731728023e+00,-7.749145645402310656e+00
4.742960506943994403e+00,-6.189643533567497080e+00,-5.978406669376894911e+00,-6.020666355942816850e+00,-1.080139427200343150e+01,-6.735224999598649731e+00
-3.620808668664166952e+00,-4.071548802934153777e+00,6.366184422250471542e+00,-3.878173408258257293e+00,-5.790104475932066563e+00,-8.117467130744529413e+00
0.000000000000000000e+00,0.000000000000000000e+00,0.000000000000000000e+00,0.000000000000000000e+00,0.000000000000000000e+00,0.000000000000000000e+00
-5.444938874305207399e+00,-5.388086621402840670e+00,4.415186200062454880e+00,-5.416846858259068753e+00,-9.899959832690120365e+00,-1.000045904482036185e+01
-3.500538311140573899e+00,7.344877400325043659e+00,-3.410850348984973746e+00,-3.403617783035317146e+00,-7.184997111975902406e+00,-8.000300696756109886e+00
7.344846026112066717e+00,-4.521359078288360145e+00,-4.754490892707166516e+00,-4.856141944526680021e+00,-7.434363930193078396e+00,-8.255936976323452470e+00
4.219828952963982083e+00,-7.524740220700443238e+00,-7.506625600107788898e+00,-6.966249501363892982e+00,-9.253571639217833322e+00,-1.018950286686523654e+01
0.000000000000000000e+00,0.000000000000000000e+00,0.000000000000000000e+00,0.000000000000000000e+00,0.000000000000000000e+00,0.000000000000000000e+00
5.293710806433935545e+00,-6.548010458320861815e+00,-6.820559100432999955e+00,-6.901852688779839262e+00,-8.176152983158686993e+00,-1.129285003722093350e+01
4.526126178036085967e+00,-4.997096033153189509e+00,-4.988050260987162865e+00,-4.951193504861477024e+00,-8.636467221915596681e+00,-8.767294038679972701e+00
-3.925484793488590363e+00,-3.752291152653537409e+00,8.053833694897656770e+00,-3.057330674518557334e+00,-5.733322616484495704e+00,-7.163734251168730083e+00
-5.392781723888555589e+00,-5.393346281891100880e+00,5.662728191109128950e+00,-5.383375612091390039e+00,-9.843856816953023170e+00,-9.899089142191041191e+00
0.000000000000000000e+00,0.000000000000000000e+00,0.000000000000000000e+00,0.000000000000000000e+00,0.000000000000000000e+00,0.000000000000000000e+00
1.161171369280961940e+01,-1.522732225592643651e+00,-1.574432284876557953e+00,-1.432118664255638052e+00,-4.324633216540991754e+00,-2.872974423205027605e+00
-9.291774283390711320e-01,-6.146116104574000927e-01,7.266057499358514526e+00,-5.985019985005999299e-01,-3.525662558247623757e+00,-3.546347290429395116e+00
8.123060190650662094e+00,-1.925115999172400505e+00,-1.958918139221955901e+00,-2.008864856193697257e+00,-7.078262852515828207e+00,-7.195280595365809440e+00
6.525793951249617031e+00,-7.586177990245971392e-01,-1.180423701415400650e-02,-6.797080998238779204e-01,-4.206304814020300320e+00,-2.797957733020299820e+00
0.000000000000000000e+00,0.000000000000000000e+00,0.000000000000000000e+00,0.000000000000000000e+00,0.000000000000000000e+00,0.000000000000000000e+00
-7.115087960670289924e+00,-7.115542439242784845e+00,-7.159769557320121436e+00,2.679123173829041082e+00,-8.496254123147346959e+00,-1.061765786368516196e+01
7.198013406887538324e+00,-4.513965393670337001e+00,-4.495591789278464923e+00,-3.607418832845406875e+00,-7.381086922692207786e+00,-8.368908023137823449e+00
4.182377802756387375e+00,-6.429494440491104079e+00,-6.381347740567441029e+00,-6.363142486748984972e+00,-9.353450994194552948e+00,-9.507896720997983664e+00
-1.491626006796985537e+00,7.440590510764962140e+00,-4.680596770242961835e-01,-4.390788475847188010e+00,-4.213275402610826781e+00,-6.939326616159521954e+00
0.000000000000000000e+00,0.000000000000000000e+00,0.000000000000000000e+00,0.000000000000000000e+00,0.000000000000000000e+00,0.000000000000000000e+00
-4.097549780120543161e+00,7.440590510826888604e+00,-2.584150362499284981e+00,-3.651112517004283742e+00,-8.824442552894272040e+00,-9.473786422016260644e+00
-2.946809829995349350e+00,1.072936317490312241e+01,-5.830811688521777558e-01,-1.236514348694887744e+00,-7.703838869276244949e+00,-8.254880512993315378e+00
7.234199709499115727e+00,-4.943927034326675241e+00,-4.972433209465510373e+00,-4.969650978756416038e+00,-7.905877443019091011e+00,-9.441438180324432494e+00
-7.622031500330599840e+00,-7.693841083634033851e+00,-7.351284201926598705e+00,2.123260697580835021e+00,-8.478318699585759788e+00,-1.065029819214078977e+01
0.000000000000000000e+00,0.000000000000000000e+00,0.000000000000000000e+00,0.000000000000000000e+00,0.000000000000000000e+00,0.000000000000000000e+00
-7.034134587831332830e+00,-7.093892146035703838e+00,-7.034712311040770771e+00,3.840647319275916072e+00,-9.712025199970751643e+00,-9.960415296121581719e+00
7.406290570843482968e+00,-4.764805983111643606e+00,-4.722169293325893413e+00,-4.948649775133979745e+00,-6.271343529022379570e+00,-7.964689375254373260e+00
9.621205719744208906e+00,-3.714732467529364701e+00,-3.696640019590927917e+00,-2.745912154970334917e+00,-6.102397505945820200e+00,-6.767709774450274551e+00
7.437431896584600466e+00,-4.577109594477123622e+00,-4.277098114021310238e+00,-4.550139432846509457e+00,-9.138722313869891423e+00,-7.542840155453756523e+00
0.000000000000000000e+00,0.000000000000000000e+00,0.000000000000000000e+00,0.000000000000000000e+00,0.000000000000000000e+00,0.000000000000000000e+00
1.297761792811991199e+01,-1.032754224705513924e+00,2.448719654246159561e+00,1.237135221963802767e+00,-2.849066719011567272e+00,-2.948988718016547050e+00
-5.448696887844991510e-01,-4.408831000000000278e-01,1.737572005881439452e+01,-3.834406395900999964e-01,-1.918810000000000127e+00,-2.728810000000000180e+00
1.297761792811991199e+01,-7.447104643938651236e-01,-1.793773644980392490e+00,-1.365798478063237287e+00,-9.793653645222111237e-01,-6.417249179179759011e+00
1.275489443766263520e+01,-5.159748307371220255e-01,2.738965156239728804e-01,-7.053298006243319263e-01,-3.476076537087342544e+00,-3.494836145168518371e+00
0.000000000000000000e+00,0.000000000000000000e+00,0.000000000000000000e+00,0.000000000000000000e+00,0.000000000000000000e+00,0.000000000000000000e+00
-7.502680135275677564e+00,-7.480930821720538582e+00,-7.444430331640884191e+00,-3.291906068942388686e+00,-7.747905715408403893e+00,-8.280763411345494873e+00
-2.899448936192674964e+00,-4.666307405555299326e+00,-4.683167343977618025e+00,-4.659765519583473292e+00,-7.766706568366473107e+00,-8.933798743367001194e+00
-6.699881751424969778e+00,-6.700062916022189619e+00,-6.677199409021998378e+00,-1.259539944267924705e+00,-1.119767941653427279e+01,-8.464592707922234283e+00
-4.142339673546020506e+00,8.521043630329151242e+00,-4.098747067520008613e+00,-4.134116986496493951e+00,-5.747430810436522819e+00,-8.472249113076475879e+00
0.000000000000000000e+00,0.000000000000000000e+00,0.000000000000000000e+00,0.000000000000000000e+00,0.000000000000000000e+00,0.000000000000000000e+00
-4.180031026103678826e+00,8.520076501977523975e+00,-4.549064338803671781e+00,-2.990567229521670534e+00,-6.556398127765431738e+00,-6.582693716969017395e+00
-2.587150590696340124e+00,1.180951259590492164e+01,-2.524564546632941386e+00,-2.561076005704299163e+00,-7.540714218639547717e+00,-7.391860959436487022e+00
4.034395160367314048e+00,-5.243658094714787055e+00,-5.210277767563533224e+00,-5.197778508460802804e+00,-9.501480180900546912e+00,-7.472979779697496383e+00
-2.343686108121446843e+00,-7.956084673325170442e+00,-7.787609054818026344e+00,-7.916336160334621397e+00,-1.044216594365695272e+01,-1.004440478162817385e+01
0.000000000000000000e+00,0.000000000000000000e+00,0.000000000000000000e+00,0.000000000000000000e+00,0.000000000000000000e+00,0.000000000000000000e+00
-7.327175372367880968e+00,-7.379972809537738598e+00,-7.402401558994316844e+00,-4.371584932699379422e-01,-1.205300399348505991e+01,-1.012554480222505227e+01
-4.720632870791546587e+00,-4.772182554105773633e+00,-4.839080597800069050e+00,1.506787018790760602e+00,-1.014986413335238780e+01,-9.956131473761132611e+00
-3.713002532840340209e+00,-3.698183113966875268e+00,-3.770357053163073235e+00,7.498057963488439448e+00,-6.407843876653895876e+00,-9.129255595039103000e+00
-5.219598135313904486e+00,-5.290803760019872293e+00,-5.218093281385771220e+00,3.686518814711342795e+00,-8.977159247157688426e+00,-8.474919012810170571e+00
0.000000000000000000e+00,0.000000000000000000e+00,0.000000000000000000e+00,0.000000000000000000e+00,0.000000000000000000e+00,0.000000000000000000e+00
-1.113298074592984133e+00,1.808467335415656185e+00,1.332897831883061546e+00,1.184784174883870378e+01,-3.474508722577240860e+00,-3.231963746486150590e+00
1.219438659726452556e+01,1.879999999999996874e+01,1.344042271495770891e+01,1.175102335397140507e+01,6.171565676619432672e+00,5.329994040689678414e+00
-2.595598532958820481e+00,3.672691230783335925e+00,-2.633468092185103249e+00,-1.976242726858548737e+00,-9.046137065456710147e+00,-8.577040165201868405e+00
1.527152119999992763e+01,4.602264858632766575e+00,-7.741886834708437970e-01,1.161177566334571143e+00,-3.582319347141769139e+00,8.528793161616370355e-01
0.000000000000000000e+00,0.000000000000000000e+00,0.000000000000000000e+00,0.000000000000000000e+00,0.000000000000000000e+00,0.000000000000000000e+00
-5.054075099011333450e+00,7.292546466547468853e+00,-4.003378317376172113e+00,-5.023653369595919571e+00,-7.747991272876937785e+00,-7.103036992234230240e+00
-2.706069409681092441e+00,1.171051773204517943e+01,-2.762678160385296788e+00,-2.615772402392920082e+00,-8.480875275328420670e+00,-8.546822986044514181e+00
-4.391057673030992703e+00,8.354622683919135540e+00,-3.671559288271161847e+00,-4.377536305955042728e+00,-9.273842597416473765e+00,-1.066847171623412116e+01
-6.543841267568434539e+00,-6.503303286271795436e+00,3.186234047814404224e+00,-6.517769624592426148e+00,-9.241030941137319488e+00,-9.058805453508428585e+00
0.000000000000000000e+00,0.000000000000000000e+00,0.000000000000000000e+00,0.000000000000000000e+00,0.000000000000000000e+00,0.000000000000000000e+00
-7.224277964171549549e+00,-7.225435582924601086e+00,3.153561598587875103e+00,-7.226097750394202102e+00,-1.100117371834659430e+01,-1.155170238703160379e+01
-5.061418601709620546e+00,-5.196164409361702319e+00,5.958547622980137959e+00,-5.086484113141034769e+00,-8.486070675199851365e+00,-8.331737944553029962e+00
1.184784174883685282e+01,-1.169438208337424401e+00,5.730482280533524264e-01,-2.054697214629995994e+00,-5.622179913742563429e+00,-6.830587769390853659e+00
7.440590511010623409e+00,-1.763896356038136215e+00,-4.674777487704648848e+00,-1.153017208724768983e+00,-8.404125550006181555e+00,-7.967281108832022340e+00
0.000000000000000000e+00,0.000000000000000000e+00,0.000000000000000000e+00,0.000000000000000000e+00,0.000000000000000000e+00,0.000000000000000000e+00
8.525849000997467897e+00,-1.396273107116183798e+00,-1.432306688965286012e+00,-9.193150117117074860e-01,-9.189995875374441070e+00,-6.356223821055294820e+00
-4.665442053844865988e+00,-5.971980046081465154e+00,5.276615311246382056e+00,-6.033738684844678346e+00,-8.325913795126806960e+00,-9.881944535455248868e+00
-4.819400804684010886e+00,-4.793294509481565768e+00,7.041371294266390635e+00,-4.780526787268524203e+00,-5.697750026855668892e+00,-7.216335927099580161e+00
-6.397621509160908992e+00,-6.369589566220854593e+00,4.693537572067995711e+00,-6.343240964251081415e+00,-9.462610606001350178e+00,-1.100716511528577968e+01
0.000000000000000000e+00,0.000000000000000000e+00,0.000000000000000000e+00,0.000000000000000000e+00,0.000000000000000000e+00,0.000000000000000000e+00
9.771395901804373452e+00,1.761199999999995214e+01,1.167797619222282357e+01,9.472855905011350330e+00,4.634348209392832985e+00,4.488325426998138745e+00
1.868287593330158813e+00,3.695778924956562683e+00,1.297761792811991199e+01,5.016391360365973995e+00,-1.839055819582248619e+00,-2.002202379948447408e+00
1.761199999999995214e+01,1.062180486547716463e+01,1.090635824753249672e+01,8.182402429666616683e+00,2.954944915602696121e+00,3.403968664446374248e+00
2.880276904147251571e+00,2.206485418153042666e+00,1.411880598799992015e+01,4.238271120789696589e+00,-2.413197475189904129e+00,-1.194612878160518310e+00
0.000000000000000000e+00,0.000000000000000000e+00,0.000000000000000000e+00,0.000000000000000000e+00,0.000000000000000000e+00,0.000000000000000000e+00
-4.900841212806671621e+00,6.366184462663921906e+00,-5.575376840202948436e+00,-3.844050993409041439e+00,-8.024107145235497285e+00,-9.909648779618818182e+00
-1.359962424668046177e+00,1.072936332645213753e+01,-2.000952836661222811e+00,7.554456938965659063e-02,-8.829831011480571590e+00,-6.764467377185003016e+00
-2.047939952232402216e+00,7.440590505287950407e+00,-4.340729674329507404e+00,-8.545641910430323840e-01,-8.845960055516133735e+00,-5.876536428213757546e+00
-5.585420917030901045e+00,-5.488098509840902750e+00,4.249405262896422286e+00,-5.306847453686752480e+00,-8.761682016083653934e+00,-7.626861126480208419e+00
0.000000000000000000e+00,0.000000000000000000e+00,0.000000000000000000e+00,0.000000000000000000e+00,0.000000000000000000e+00,0.000000000000000000e+00
-6.772660870447949399e+00,-6.721489774985597521e+00,4.249392202720638778e+00,-6.728616086798053786e+00,-1.041463629952112591e+01,-1.005720052069276171e+01
-4.676493579050720051e+00,-4.502326613458278892e+00,7.435735952088871059e+00,-3.799512572797284271e+00,-8.271469568520677385e+00,-9.714544255064655687e+00
-3.802246492217858709e+00,-2.374604306386796093e+00,-1.582199321069854836e+00,1.072936333112864382e+01,-3.116420936467619640e+00,-5.656405177930443173e+00
-4.622616481727512827e+00,-4.703971436145277352e+00,-5.328668534752523556e+00,6.366184591289068884e+00,-8.936394632078863864e+00,-9.527433937765684036e+00
0.000000000000000000e+00,0.000000000000000000e+00,0.000000000000000000e+00,0.000000000000000000e+00,0.000000000000000000e+00,0.000000000000000000e+00
-3.888526818869203705e+00,-5.899309302201935168e+00,-4.749083086954865252e+00,7.440590509114389128e+00,-8.355530712605501620e+00,-1.018284044406412470e+01
-5.126540459827529261e+00,-5.595480286490110977e+00,6.366079878389144575e+00,-3.735968002839457291e+00,-7.900228423620079710e+00,-8.839333917315004285e+00
-4.339145503616595789e+00,-2.782435300839915637e+00,8.525719321474161561e+00,-3.220969377466840200e+00,-5.159206401068468395e+00,-5.559723211317297853e+00
-5.797225145728515550e+00,-4.888791806305493814e+00,6.366062791821232913e+00,-4.409674605886513277e+00,-7.231151971927606503e+00,-6.650713844638491246e+00
0.000000000000000000e+00,0.000000000000000000e+00,0.000000000000000000e+00,0.000000000000000000e+00,0.000000000000000000e+00,0.000000000000000000e+00
2.496253423819411843e+00,3.156593096536641330e+00,8.978024440504094983e+00,1.643587999999993343e+01,1.510371389637167105e+00,1.617846621387916795e+00
9.332205878628324625e-01,1.345969532712618655e+00,1.411880598799992015e+01,6.792305498288510712e+00,-2.405779805478899802e-01,-2.894593126257685611e+00
4.667993482110079917e+00,-5.681749450716850891e-01,8.869043638821416664e+00,1.643587999999993343e+01,1.458300298335602818e+00,1.206162368784224892e+00
1.093516669973411126e+00,7.792091399409407870e+00,1.527152119999992763e+01,1.408065609207077573e+00,-1.595054384532868186e+00,1.616304279935942390e+00
0.000000000000000000e+00,0.000000000000000000e+00,0.000000000000000000e+00,0.000000000000000000e+00,0.000000000000000000e+00,0.000000000000000000e+00
-5.554156709687988247e+00,-6.443648072817168782e+00,-6.255000875564478591e+00,5.302495203462711082e+00,-7.990534231852296720e+00,-9.077252353211031632e+00
-2.877949949842838251e+00,-3.642109824101356530e+00,-3.739767166747973270e+00,9.622069182777453378e+00,-7.784269651790440392e+00,-5.185059005276943189e+00
-5.537318375042459273e+00,-3.631891091246186143e+00,-4.307281535754758472e+00,6.366183566566498975e+00,-1.019553599260913757e+01,-8.168341485118476797e+00
-4.383914910831409273e+00,5.302518134817089113e+00,-5.116116642158306860e+00,-2.218686111880191270e+00,-7.578437096162670805e+00,-9.138595614408297152e+00
0.000000000000000000e+00,0.000000000000000000e+00,0.000000000000000000e+00,0.000000000000000000e+00,0.000000000000000000e+00,0.000000000000000000e+00
-6.007844459864781328e+00,-5.990604484094251170e+00,5.302521742525710735e+00,-4.353435114566921449e+00,-7.236350273788042742e+00,-7.739711650099836859e+00
-2.348939939370710661e+00,-3.607886255602941628e+00,8.525625545941979411e+00,-3.038182291880866970e+00,-7.716463781682289635e+00,-6.623324808266497499e+00
-4.343876583221012666e+00,-4.369948159083759442e+00,-3.191449875736658726e+00,9.622069586297669730e+00,-7.398935283596295598e+00,-8.275912712743458854e+00
-6.527608504692037350e+00,-5.286651408548425302e+00,-5.953487378267418251e+00,5.302521594985584841e+00,-9.937505597223049492e+00,-9.956441943671300976e+00
0.000000000000000000e+00,0.000000000000000000e+00,0.000000000000000000e+00,0.000000000000000000e+00,0.000000000000000000e+00,0.000000000000000000e+00
-4.872183294431246203e+00,-6.402812350051686252e+00,-4.407890952592657285e+00,6.366184183811675723e+00,-9.662696470183114172e+00,-9.175331199688029571e+00
-3.922746513617388686e+00,-4.684660090868969284e+00,7.440590278066891550e+00,-3.053527540639153770e+00,-9.570073203707018195e+00,-7.623429076609633981e+00
-1.928738007548179034e+00,-2.545174123520417275e+00,9.622068669475353886e+00,-1.172326277074255074e+00,-7.692769216681014655e+00,-6.033755493103607037e+00
-3.358281129696131018e+00,-5.438474159821303111e+00,7.440589751266105445e+00,-4.363198573135573355e+00,-6.619458026577244247e+00,-8.892299130946465624e+00
0.000000000000000000e+00,0.000000000000000000e+00,0.000000000000000000e+00,0.000000000000000000e+00,0.000000000000000000e+00,0.000000000000000000e+00
-7.252427591282395447e-01,4.689630592449098856e+00,6.435196509278922505e+00,1.527152119999992763e+01,2.075378675468450673e+00,-1.946712602183483742e+00
1.981134002861215659e+00,6.333789705297463435e-01,1.527152119999992763e+01,4.590923330753336806e+00,-1.035894973658998408e-01,1.087025242367464894e+00
-1.382302471326350757e+00,4.215968085515087727e-01,7.982025647880422348e+00,1.527152119999992763e+01,-3.212482861843406923e+00,-4.729415935259063675e-01
2.097983054324636942e+00,5.640296836949698633e-01,1.643587999999993343e+01,7.556545028516863383e+00,5.678263226513551309e-01,2.891758769441348242e+00
0.000000000000000000e+00,0.000000000000000000e+00,0.000000000000000000e+00,0.000000000000000000e+00,0.000000000000000000e+00,0.000000000000000000e+00
-7.023201018927265338e+00,-6.776663611062285320e+00,-6.162080090325631865e+00,4.228804734285223965e+00,-9.508276592267456806e+00,-7.934412783877839104e+00
-4.346838702442686220e+00,-2.446087960624290236e+00,-4.233591884176695963e+00,8.525767413829724362e+00,-7.258085985187581635e+00,-6.810906131612330050e+00
-6.121740947648803832e+00,-5.287225009365918105e+00,-5.122039227204661316e+00,5.302454045169502805e+00,-9.902874375051313294e+00,-7.400850665736535383e+00
-3.538619969804742027e+00,6.325788582166760321e+00,-4.871910371086543456e+00,-4.982817812831074278e+00,-5.670244054912862097e+00,-7.740361941099894061e+00
0.000000000000000000e+00,0.000000000000000000e+00,0.000000000000000000e+00,0.000000000000000000e+00,0.000000000000000000e+00,0.000000000000000000e+00
-4.688739672461142760e+00,6.366184589823518536e+00,-3.160401923621868114e+00,-2.768659898547495501e+00,-8.480417077676094095e+00,-9.340230560851507491e+00
-3.020574802769535605e+00,9.622066387317584457e+00,-2.154217238121770350e+00,-3.386673694394820799e+00,-6.629082888281626396e+00,-7.857171959584346332e+00
-4.776529978710500224e+00,-3.479302370702502145e+00,-4.817066110863246209e+00,8.525813325722701563e+00,-6.373824855609484530e+00,-7.787698322937457895e+00
-7.445013896782506357e+00,-6.384182234204892836e+00,-7.489440268959141278e+00,4.245706696031803062e+00,-9.400429324865452685e+00,-1.163728062084067716e+01
0.000000000000000000e+00,0.000000000000000000e+00,0.000000000000000000e+00,0.000000000000000000e+00,0.000000000000000000e+00,0.000000000000000000e+00
-7.084829223562783440e+00,-6.255070592171870558e+00,-6.641352844770457509e+00,5.283894285944299440e+00,-1.070209807168699001e+01,-1.136426470281814893e+01
8.525849000906911002e+00,-2.920503967149499225e+00,-3.527822461867966553e+00,-3.862422805829746952e+00,-3.896686818973330801e+00,-6.803878516776339147e+00
1.072936333133291065e+01,-2.445604848535650966e+00,-1.569095398927348839e+00,-3.318762052231012838e+00,-7.384027514119503977e+00,-5.831233641320126893e+00
8.525849000738828565e+00,-1.976632499417190214e+00,-2.472492325581767680e+00,-1.863429044437825643e+00,-5.376135982966879112e+00,-8.889941071256162175e+00
0.000000000000000000e+00,0.000000000000000000e+00,0.000000000000000000e+00,0.000000000000000000e+00,0.000000000000000000e+00,0.000000000000000000e+00
3.697235245691070205e+00,7.057397503181050524e+00,1.770584574922763998e+00,1.411880598799992015e+01,1.506522253502266540e-01,2.487458713540880439e-01
7.030157152550728483e+00,1.105331152821576346e+01,1.643587999999993343e+01,8.105545483075642821e+00,3.594537650511522298e+00,2.108798702715819928e+00
4.147270657285453410e+00,5.807929709431480347e+00,5.508616411125342172e-01,1.411880598799992015e+01,-1.287951214239430597e-01,-8.250716375334595787e-01
1.761199999999995214e+01,3.933780938594985344e+00,1.116015647220210383e+01,1.206929819203678811e+01,5.002267624559270764e+00,6.059351666708141515e+00
0.000000000000000000e+00,0.000000000000000000e+00,0.000000000000000000e+00,0.000000000000000000e+00,0.000000000000000000e+00,0.000000000000000000e+00
-7.268703723031417319e+00,-7.310326356520584490e+00,-7.288711271172495287e+00,1.470520000902412860e+00,-7.741076117170377024e+00,-8.275420980481868583e+00
-4.600878944588095543e+00,-4.623503522834800705e+00,-4.663552600706943885e+00,5.407959196321255213e+00,-5.663974583212073810e+00,-6.870285419375091962e+00
-6.455585300521195613e+00,-6.495228428053152037e+00,-6.482144059389145951e+00,2.577858870801136959e+00,-1.043823080111350698e+01,-1.088773940872416013e+01
-3.728978702360855380e+00,7.290506730832094995e+00,-4.547881411033784183e+00,-4.711415193955875047e+00,-5.152250513144876365e+00,-6.254517233216262184e+00
0.000000000000000000e+00,0.000000000000000000e+00,0.000000000000000000e+00,0.000000000000000000e+00,0.000000000000000000e+00,0.000000000000000000e+00
-5.001318540613559627e+00,7.249590529023604013e+00,-3.943607168957714570e+00,-4.045618037754881158e+00,-8.204263919434707120e+00,-8.961660464837427398e+00
-3.071118757195653970e+00,9.966452036276326254e+00,-3.030862253942937290e+00,-1.874552989673846870e+00,-5.204884118889724576e+00,-7.907935482890763979e+00
-4.938081271636518998e+00,-4.456764112190715110e+00,-5.078677029421210243e+00,7.357154014481657178e+00,-8.735479672791722550e+00,-9.469955519514773101e+00
-7.697055640502808771e+00,-7.745306539177017946e+00,-7.735330064343395762e+00,2.998067775952899083e+00,-8.761116636190386942e+00,-1.203340449863311434e+01
0.000000000000000000e+00,0.000000000000000000e+00,0.000000000000000000e+00,0.000000000000000000e+00,0.000000000000000000e+00,0.000000000000000000e+00
-7.282527640148383163e+00,-7.241581619873863396e+00,-7.300169280845897113e+00,1.475449997158807536e+00,-1.213703672629439012e+01,-1.111385385304357776e+01
-4.539551577143551953e+00,-4.496580919676686605e+00,-4.568542376340777089e+00,5.809656412430168615e+00,-5.270651279493337782e+00,-4.604884148972367974e+00
-3.283609717011616969e+00,-3.332011185004156939e+00,-3.282305253079973006e+00,8.042114450249925994e+00,-6.675052592826725473e+00,-3.806159125241928454e+00
-4.887021040510198588e+00,-4.963969125427640350e+00,-4.927438639871569492e+00,5.259472615648840055e+00,-8.100965995840578415e+00,-9.449905889878323251e+00
0.000000000000000000e+00,0.000000000000000000e+00,0.000000000000000000e+00,0.000000000000000000e+00,0.000000000000000000e+00,0.000000000000000000e+00
-1.881369418425502538e+00,-1.920776727390426375e+00,-1.862857271123067093e+00,9.326607150592424844e+00,-4.493483135673947970e+00,-4.403848006385994829e+00
1.770860662810247010e+00,1.761199999999995214e+01,1.288120235333468777e+01,1.031300909631868734e+01,7.439680609273844336e-01,3.233241948356504913e+00
-2.419949063354854601e+00,-2.396659833236926662e+00,-2.422470256989828208e+00,7.016402509844331448e+00,-7.464634115216096433e+00,-6.686083945196124922e+00
4.360374450330406049e+00,5.430515268416377772e+00,2.372912431333036309e+00,1.643587999999993343e+01,1.851093266064197884e+00,4.715583988307450181e-01
0.000000000000000000e+00,0.000000000000000000e+00,0.000000000000000000e+00,0.000000000000000000e+00,0.000000000000000000e+00,0.000000000000000000e+00
-5.256758621376569351e+00,4.559759571422475233e+00,-5.194829667134556850e+00,-5.249841619983673269e+00,-8.716521139167021204e+00,-6.240586942639215984e+00
-2.979927639137486928e+00,8.122521191163409426e+00,-2.943532858641610517e+00,-2.110895690102510880e+00,-6.926805500213038869e+00,-6.657973845973906180e+00
-4.686127671600542222e+00,4.894032588573712594e+00,-4.648773711609286430e+00,-4.696062170731662988e+00,-1.034448527421217712e+01,-9.754287359238338340e+00
-6.748142046695613239e+00,5.326281130607064540e-01,-6.779518131940518444e+00,-6.817776460325908339e+00,-7.461584577819901476e+00,-7.077488234782403076e+00
0.000000000000000000e+00,0.000000000000000000e+00,0.000000000000000000e+00,0.000000000000000000e+00,0.000000000000000000e+00,0.000000000000000000e+00
-7.615539992049339624e+00,7.926098438185775752e-01,-7.550936026175388172e+00,-7.535563371251978282e+00,-9.968967574291514921e+00,-1.136172930230850397e+01
-5.453886511591173658e+00,1.104390641386425287e+00,-5.545907231944172899e+00,-5.503119040947071383e+00,-6.580640745643083100e+00,-9.351679276506589034e+00
1.297761792811986581e+01,9.349927632522032628e-01,-1.910156245521960949e+00,4.495037614278071025e+00,-5.726665411829869434e+00,-6.368201497232375274e+00
8.525849001055435750e+00,-1.336853315275700727e+00,-8.151021390453558890e-01,-1.677591339430828166e+00,-7.365138796229264706e+00,-6.164812084205799181e+00
0.000000000000000000e+00,0.000000000000000000e+00,0.000000000000000000e+00,0.000000000000000000e+00,0.000000000000000000e+00,0.000000000000000000e+00
9.622069698032634122e+00,-4.894487746818572127e-01,4.560077922809857576e-02,-1.961434187609719881e+00,-7.353756469720730493e+00,-4.505106444247414466e+00
-6.381102210043195555e+00,3.043866774728636759e+00,-6.367203984073494638e+00,-6.335436019215765491e+00,-6.758520565617483378e+00,-9.369865126554605794e+00
-5.238516581920942272e+00,2.632484166829685002e+00,-5.240983606459310273e+00,-5.215516720264792738e+00,-9.605865317546065540e+00,-8.336808170001825502e+00
-6.774113580001135837e+00,-2.952399384892107626e-01,-6.683630261214338120e+00,-6.576853767840805887e+00,-1.111924003616530676e+01,-1.063990325822512162e+01
0.000000000000000000e+00,0.000000000000000000e+00,0.000000000000000000e+00,0.000000000000000000e+00,0.000000000000000000e+00,0.000000000000000000e+00
5.633829702514127291e+00,1.643587999999993343e+01,4.514645969611603249e+00,5.557149943608150622e+00,-1.427768001622347516e+00,7.088146991890748039e-01
1.263923740336714063e+00,1.184784174883870378e+01,2.662391719364665121e+00,3.287956037593517955e+00,-6.100710365059317297e+00,-4.673067891275659136e+00
1.879999999999996874e+01,1.179437933544473971e+01,1.069750679338191723e+01,1.349990783880387468e+01,5.149686141349638646e+00,5.618774863202979475e+00
1.674539551322430375e+00,1.297761792811991199e+01,3.338198046540252761e+00,4.233565038966474070e+00,-1.471392024818311883e+00,-3.312398857385770334e+00
0.000000000000000000e+00,0.000000000000000000e+00,0.000000000000000000e+00,0.000000000000000000e+00,0.000000000000000000e+00,0.000000000000000000e+00
-5.808824650271039225e+00,5.241133196851960108e+00,-6.063334367918832513e+00,-6.150651783556620344e+00,-1.066269237273125903e+01,-9.249586504144923893e+00
-3.615696572209952109e+00,9.502913089463495666e+00,-3.521544633169119809e+00,-2.950091041292598693e+00,-6.485550545882747819e+00,-8.432914270191337991e+00
-5.169899668055146336e+00,6.328424378107087023e+00,-5.317081207946861454e+00,-5.343606535760910603e+00,-9.077482611872181195e+00,-8.725886488123428819e+00
-6.384865492776262919e+00,1.788759143453943601e+00,-6.274474792577772853e+00,-6.312345502947138698e+00,-7.838625373432548393e+00,-7.969312164954395428e+00
0.000000000000000000e+00,0.000000000000000000e+00,0.000000000000000000e+00,0.000000000000000000e+00,0.000000000000000000e+00,0.000000000000000000e+00
-6.991851161358649591e+00,5.869835225281139213e-01,-6.830247988781159130e+00,-6.892457075378340292e+00,-9.254907113752603109e+00,-1.039849985802075771e+01
-4.759829814618307786e+00,4.841758680996205655e+00,-4.767578294745046463e+00,-4.807116606438956552e+00,-8.945030162475040569e+00,-7.386982886915386182e+00
-4.208841534973913667e+00,8.873789149364387896e+00,-4.182037596719729855e+00,-4.142467761976415197e+00,-9.651416952835482732e+00,-6.088430508308706024e+00
-6.397373514673678763e+00,4.406304763274936143e+00,-6.762414350880613156e+00,-6.722134948009769850e+00,-8.526401358337855285e+00,-7.933161362006082129e+00
0.000000000000000000e+00,0.000000000000000000e+00,0.000000000000000000e+00,0.000000000000000000e+00,0.000000000000000000e+00,0.000000000000000000e+00
-6.323191282407502278e+00,5.708584346106238883e+00,-6.221978691719300514e+00,-6.304041812822925195e+00,-1.008165770695581998e+01,-1.003052942099460232e+01
-5.658978620326100106e+00,3.279870410589377450e+00,-5.620273638754913037e+00,-5.614686676553358069e+00,-7.529598584069200129e+00,-1.046846312236752219e+01
-4.367556211884801698e+00,6.382540243791261503e+00,-4.298101280485959741e+00,-4.360252292553209230e+00,-7.470150165920352414e+00,-5.798478278466047797e+00
-5.973739138795874482e+00,4.020412849304414671e+00,-5.942839462795757477e+00,-5.925889005355042372e+00,-9.593867424701356228e+00,-7.739246220812587396e+00
0.000000000000000000e+00,0.000000000000000000e+00,0.000000000000000000e+00,0.000000000000000000e+00,0.000000000000000000e+00,0.000000000000000000e+00
-8.571996761541390564e-01,1.164123176948694649e+01,-8.247426088551039758e-01,9.733077701205383736e-02,-4.901742573276445469e+00,-3.879890528499916780e+00
-1.763181738235340523e+00,7.295643728955426788e+00,-1.708348384403155951e+00,-1.737620899363012006e+00,-6.084171074313575289e+00,-6.019172351735736726e+00
-1.275722736285308745e+00,1.240367266472665797e+01,-1.125484036068467697e+00,-1.329919186747703819e+00,-2.918379222886578805e+00,-6.082842492203465845e+00
-1.145294826497080143e+00,7.593904832936278382e+00,-1.167839857002497261e+00,-1.173827638132603601e+00,-5.510323734681334074e+00,-4.945041129434070371e+00
0.000000000000000000e+00,0.000000000000000000e+00,0.000000000000000000e+00,0.000000000000000000e+00,0.000000000000000000e+00,0.000000000000000000e+00
-6.339106589510624445e+00,-5.232271497614747524e+00,-6.380599909612341136e+00,3.019827217123092655e+00,-1.049347628461542392e+01,-8.343729629356516853e+00
-3.871934035468965529e+00,4.907666066520580017e+00,-3.809734127342931487e+00,-3.785564962870454409e+00,-8.762417596275522413e+00,-9.678815485375800165e+00
-5.614174298998081625e+00,-4.484249905452681872e+00,-5.563060886968451690e+00,4.195206115295280647e+00,-9.304763210007042318e+00,-7.974109457723982608e+00
-6.294241624695867898e+00,2.490106771154231513e+00,-5.987371863457918053e+00,-6.031448649687095376e+00,-7.075207867865817235e+00,-6.942699213324078578e+00
0.000000000000000000e+00,0.000000000000000000e+00,0.000000000000000000e+00,0.000000000000000000e+00,0.000000000000000000e+00,0.000000000000000000e+00
-6.631258183505267745e+00,3.787025951756022746e+00,-6.573702875964822390e+00,-6.563420446668526864e+00,-9.764480269616861108e+00,-1.203049915981027596e+01
-4.445512750705038485e+00,6.337921152012897075e+00,-4.487843737982075254e+00,-4.533972994987631289e+00,-6.468368444993332744e+00,-5.161066331474509106e+00
-4.427326001783615794e+00,6.753077873165882039e+00,-4.135365780914296074e+00,-4.499345422061197475e+00,-9.138044011019573531e+00,-8.946954732660209686e+00
-6.957019789848848390e+00,3.046211416861424048e+00,-6.891057896198830690e+00,-6.877394506666479224e+00,-9.064577579622572046e+00,-8.945924808732794276e+00
0.000000000000000000e+00,0.000000000000000000e+00,0.000000000000000000e+00,0.000000000000000000e+00,0.000000000000000000e+00,0.000000000000000000e+00
-6.558075204899889599e+00,4.696335062895759194e+00,-6.538097829724442533e+00,-5.463955548803389739e+00,-9.302166200529489615e+00,-1.187859978697802887e+01
-5.362749204290875760e+00,5.577864994407842225e+00,-4.569026901507516669e+00,-5.420277623529748290e+00,-5.921388765489448147e+00,-7.275656653842049515e+00
-4.097028497231875122e+00,8.062270528080075493e+00,-4.177971526066309949e+00,-4.119815496682839751e+00,-8.867507560084160190e+00,-6.145222437521717040e+00
-5.809081782743199973e+00,5.794254074879112260e+00,-4.436925273769540823e+00,-5.140391329632771900e+00,-7.005607046233636837e+00,-8.737810540009878224e+00
0.000000000000000000e+00,0.000000000000000000e+00,0.000000000000000000e+00,0.000000000000000000e+00,0.000000000000000000e+00,0.000000000000000000e+00
-1.046005858882887329e+00,-1.038046327832818250e+00,-1.091607461109562749e+00,3.078551677745014370e+00,-2.776330098950510195e+00,-1.999000000000000110e+00
-1.559738052101896866e+00,8.659538199186382457e+00,-1.148201711405478553e+00,-1.529572662837285435e+00,-6.031952738987756746e+00,-4.792090633182460202e+00
-1.466579915025659764e+00,-1.333119118601506337e+00,-1.443973608998553093e+00,2.900868529175490096e+00,-5.503911636793005435e+00,-7.304026696412986297e+00
-1.303309043917224352e+00,8.980254407235685576e+00,-9.723483459572661580e-01,-1.037491309857198951e+00,-3.514702353098798859e+00,-5.068753712624437746e+00
0.000000000000000000e+00,0.000000000000000000e+00,0.000000000000000000e+00,0.000000000000000000e+00,0.000000000000000000e+00,0.000000000000000000e+00
-7.345230480163827735e+00,2.385168949375874536e+00,-7.376118063323212404e+00,-7.352562620322475873e+00,-8.451687092276189972e+00,-1.256942038927133432e+01
-4.629228674206417260e+00,7.303280334016468700e+00,-4.592885416046835090e+00,-4.656398019245902908e+00,-7.148959986521821186e+00,-5.726621567766156495e+00
-6.551360718650857784e+00,4.086807804089980678e+00,-6.625525420983633396e+00,-6.506980650163655788e+00,-9.180640164573688367e+00,-1.017344544766438119e+01
-5.114788992739277340e+00,4.695080455220856486e+00,-5.085778908271487708e+00,-5.105874657355954582e+00,-6.173629916103198667e+00,-9.290790723035049936e+00
0.000000000000000000e+00,0.000000000000000000e+00,0.000000000000000000e+00,0.000000000000000000e+00,0.000000000000000000e+00,0.000000000000000000e+00
-5.454693830053616743e+00,4.726710659048388052e+00,-4.638417814581210941e+00,-5.457409417412209862e+00,-8.755543540655864376e+00,-1.110706186978286247e+01
-3.698217242441700137e+00,7.888031260846018355e+00,-3.596587811460604023e+00,-3.139138213825436452e+00,-8.653615921219905971e+00,-6.918076294644741608e+00
-5.022076653760062293e+00,6.472718332836135069e+00,-5.099447480266473320e+00,-5.095647305260795790e+00,-1.008086172071685382e+01,-9.113706859094586221e+00
-7.840388647009486789e+00,2.264493939236332576e+00,-7.843625888093400000e+00,-6.985456949624321510e+00,-1.039635496344639165e+01,-1.034308033418180983e+01
0.000000000000000000e+00,0.000000000000000000e+00,0.000000000000000000e+00,0.000000000000000000e+00,0.000000000000000000e+00,0.000000000000000000e+00
-7.253302360149061379e+00,3.570916897141822588e+00,-7.348170844429462001e+00,-7.275377852942191303e+00,-9.993238634727378056e+00,-1.168173820263796259e+01
9.622069698032419183e+00,-1.880061927928502241e+00,-3.114930475084768613e+00,2.365028204480578378e+00,-4.218496282415142851e+00,-4.800065831102383385e+00
1.184784174883827390e+01,9.473498907595920837e-01,-1.854174879439962176e+00,2.743081880203727785e+00,-3.466240154428755105e+00,-4.704389651618319235e+00
9.622069698029907414e+00,-2.048461954887923930e+00,-3.515181467569587603e+00,-7.906129803112929011e-01,-5.009427903210688982e+00,-6.558963798358027120e+00
0.000000000000000000e+00,0.000000000000000000e+00,0.000000000000000000e+00,0.000000000000000000e+00,0.000000000000000000e+00,0.000000000000000000e+00
2.249304232073407572e+00,1.297761792811991199e+01,-2.290187368437267779e+00,5.134354632945512975e+00,-3.704085443150002099e+00,-1.997153730219304091e+00
1.644742056923061968e+00,1.527152119999992763e+01,6.670595520472588635e-01,5.095193668032913514e+00,-2.651243996685849869e+00,-7.625199227485414122e-01
-1.102527481934702180e+00,1.297761792811991199e+01,-1.471459101866853025e+00,-5.430032558459529923e-02,-5.615959843118658590e+00,-5.135564920314662274e+00
1.879999999999996874e+01,1.267124333693511673e+01,9.455337981602562891e+00,1.352171720188511017e+01,7.063377485835469649e+00,6.146303958046685167e+00
0.000000000000000000e+00,0.000000000000000000e+00,0.000000000000000000e+00,0.000000000000000000e+00,0.000000000000000000e+00,0.000000000000000000e+00
-7.500222248509834877e+00,-7.487917851034757710e+00,-7.457891266339372827e+00,-1.987076000881038862e+00,-9.002659228081391518e+00,-8.763000747647739175e+00
-4.948438632443855845e+00,-4.918478725383437222e+00,-4.922462182878625470e+00,3.547543030750873072e+00,-5.173179482731633527e+00,-8.137805621179593274e+00
-6.667352418474619569e+00,-6.622793836494198949e+00,-6.634494494339749693e+00,-4.293090230576637745e-01,-9.670295266870100548e+00,-1.161223848613356324e+01
-4.975454144021428604e+00,5.058209031088960472e+00,-4.937731636914374889e+00,-4.687574713450788799e+00,-6.207335201496081645e+00,-4.974857026627569567e+00
0.000000000000000000e+00,0.000000000000000000e+00,0.000000000000000000e+00,0.000000000000000000e+00,0.000000000000000000e+00,0.000000000000000000e+00
-5.359259085700220915e+00,4.337628893630417259e+00,-5.318258393770273429e+00,-5.346427837634475821e+00,-9.798792030233629546e+00,-9.244762402460674267e+00
-3.540926406501432311e+00,5.649241814569312403e+00,-3.425246911414900453e+00,-3.376227737662998774e+00,-7.647451696443468450e+00,-7.056356781464727668e+00
-5.343321315091968060e+00,3.814142416775299971e+00,-5.303004896046767946e+00,-4.385972102463439271e+00,-9.507744734564736788e+00,-9.179632082174070007e+00
-7.990383582091016734e+00,-8.302977831949447385e-01,-7.971881959163263254e+00,-7.956428036578771845e+00,-9.102427218185777491e+00,-8.839283509660489813e+00
0.000000000000000000e+00,0.000000000000000000e+00,0.000000000000000000e+00,0.000000000000000000e+00,0.000000000000000000e+00,0.000000000000000000e+00
-7.460832107185867201e+00,-7.240649378176239104e+00,-7.456015031916142455e+00,-4.729253134023305272e+00,-1.190823052143581151e+01,-1.024970330095366577e+01
-4.113377472903765764e+00,-4.139625637891980681e+00,-4.115340786744547508e+00,5.558973945928377347e+00,-7.065194322547946548e+00,-8.479248826599590672e+00
-2.701279304057030650e+00,-2.839043474355831265e+00,-2.885886042665554818e+00,7.302167403196614615e+00,-7.848974674392755091e+00,-7.329503830605235137e+00
-4.493075462712352142e+00,-4.495712656488763947e+00,-4.517205546514259318e+00,5.079204227849439590e+00,-5.261319897300613668e+00,-8.781067774189700970e+00
0.000000000000000000e+00,0.000000000000000000e+00,0.000000000000000000e+00,0.000000000000000000e+00,0.000000000000000000e+00,0.000000000000000000e+00
-2.174420670669244160e+00,-2.821958533416909498e-01,-2.177053271125955813e+00,-2.164733658955063866e+00,-8.311605431695316071e+00,-5.707228108355801410e+00
-8.374196018309768563e-01,1.115815564563543560e+01,9.954289160479190546e-02,-9.011371933124331379e-01,-4.795656093260554087e+00,-6.309847957961085996e+00
-2.541557434696431361e+00,-2.540962152279422348e+00,-2.569848094737441802e+00,4.094346238390917492e+00,-9.584716410660513830e+00,-9.756131436423455483e+00
9.424483627311452949e-01,-2.187001000000000084e-01,6.587065820385480386e-01,1.582172951508392700e+01,-3.932238681313787509e+00,-2.816818946794861667e+00
0.000000000000000000e+00,0.000000000000000000e+00,0.000000000000000000e+00,0.000000000000000000e+00,0.000000000000000000e+00,0.000000000000000000e+00
-5.530687739182595486e+00,-1.447286178614925145e+00,-5.480530295717960243e+00,-5.512032157280767564e+00,-7.109760329838003656e+00,-8.280819065203415263e+00
-3.314015002210253691e+00,1.404598361685107211e+00,-3.284560074052905954e+00,-3.237063810901369632e+00,-6.326640947941343462e+00,-8.975221367994260291e+00
-5.039609339419480527e+00,-1.716412176394690459e+00,-5.088880571220468774e+00,-5.005862854302353782e+00,-8.377044209005859443e+00,-8.215151624238638206e+00
-6.980860708089815070e+00,-4.114166936181207213e+00,-6.954883114254340803e+00,-6.932057750823418019e+00,-1.101692283260310035e+01,-9.701901305455525204e+00
0.000000000000000000e+00,0.000000000000000000e+00,0.000000000000000000e+00,0.000000000000000000e+00,0.000000000000000000e+00,0.000000000000000000e+00
-7.641591132296824185e+00,-4.339103487058073583e+00,-7.864917094080244198e+00,-7.780217630442721521e+00,-9.470123719515045835e+00,-1.084018357795079446e+01
-5.706552097094898635e+00,-3.674442157415751087e+00,-5.644929916032116246e+00,-5.696700649249133441e+00,-7.119333144449274897e+00,-7.538653991524060238e+00
9.155806377335085067e-01,3.433100006108594116e+00,4.649304894905741392e-01,4.156073069216377647e+00,1.411880598799992015e+01,-7.951361923617822569e+00
8.291712714096086678e-01,-1.774304439712293346e+00,-3.059146435723762103e+00,-1.918289860980562311e+00,9.622069698036767704e+00,-6.662633203769432022e+00
0.000000000000000000e+00,0.000000000000000000e+00,0.000000000000000000e+00,0.000000000000000000e+00,0.000000000000000000e+00,0.000000000000000000e+00
2.479354548581376605e+00,5.299684747663722106e-01,2.450485991797419771e-01,-9.709633003072044577e-01,1.072936333135008979e+01,-7.896490171277791070e+00
-6.806343563303437705e+00,-2.213101224654118404e+00,-6.580510659024640496e+00,-6.826978342158745328e+00,-9.495339866890935454e+00,-8.607355546910618216e+00
-5.526322005333546450e+00,-3.882655316388440525e+00,-5.601115619393356226e+00,-5.514183053999057726e+00,-8.468616954091499949e+00,-7.270180985776434568e+00
-7.170192558204262490e+00,-5.185768216490726168e+00,-7.152702921978113082e+00,-7.104941845992360783e+00,-1.243354111487288982e+01,-8.788625303153562385e+00
0.000000000000000000e+00,0.000000000000000000e+00,0.000000000000000000e+00,0.000000000000000000e+00,0.000000000000000000e+00,0.000000000000000000e+00
4.754830655463141653e+00,1.527152119999992763e+01,2.916064055656094389e+00,6.723966246258328283e+00,-3.539329786113438736e+00,3.519625412321646607e+00
5.463621484692815500e-03,1.072936333135031006e+01,-2.275636668817523578e+00,9.584715721132707200e-01,-5.323971342100722204e+00,6.877942175543728665e-01
1.349438778950138129e+01,1.268368859828006379e+01,1.571239346887470667e+01,1.506925026899960685e+01,5.456049758720849852e+00,1.999999999999998579e+01
5.382211012166854047e+00,1.184784174883870023e+01,-3.671876528602753265e-01,2.252561241788596735e+00,-4.407003036523250650e+00,1.371144486973445265e+00
0.000000000000000000e+00,0.000000000000000000e+00,0.000000000000000000e+00,0.000000000000000000e+00,0.000000000000000000e+00,0.000000000000000000e+00
-6.303750172712469180e+00,-7.197907264056914167e-01,-6.356920805178546630e+00,-6.369149875546110451e+00,-1.011647171024801040e+01,-9.260732909369433941e+00
-3.848546755789789220e+00,7.108884626994139033e+00,-3.788124048893501516e+00,-3.762842086090852245e+00,-7.756475877837955224e+00,-8.673646385109423207e+00
-5.587198184767471432e+00,7.826832775174242807e-01,-5.657143060098660747e+00,-5.618894808883486469e+00,-9.037796482606168524e+00,-8.929528164154069358e+00
-6.595179667909256693e+00,-3.699042406965351582e+00,-6.608302122960557412e+00,-6.556188468560846694e+00,-7.587407413211434637e+00,-9.797990415932464003e+00
0.000000000000000000e+00,0.000000000000000000e+00,0.000000000000000000e+00,0.000000000000000000e+00,0.000000000000000000e+00,0.000000000000000000e+00
-7.082869505666826271e+00,-5.643580883255753022e+00,-7.052176524640443311e+00,-7.035506482192938726e+00,-1.150104545688229862e+01,-1.090549072832235389e+01
-5.065244893828350747e+00,-1.518034970640625980e-01,-5.046986054645102193e+00,-5.045834160581971872e+00,-7.188671886420324952e+00,-8.182401672021509142e+00
-4.471717671310041275e+00,2.762341834309669064e+00,-4.483739043137334512e+00,-4.523671129994552231e+00,-8.498982782987534179e+00,-8.827970895999676770e+00
-6.855022421024450807e+00,-3.172117454265520609e-01,-6.974878521920661711e+00,-7.043533101194605628e+00,-1.013611504042068034e+01,-8.431168414858252191e+00
0.000000000000000000e+00,0.000000000000000000e+00,0.000000000000000000e+00,0.000000000000000000e+00,0.000000000000000000e+00,0.000000000000000000e+00
-6.606056931513196062e+00,-1.146111824763566545e-01,-6.621296366674106260e+00,-6.604993039486013018e+00,-1.156978331083437617e+01,-1.140051569500793782e+01
-5.858892480547074122e+00,-2.230155985366065519e+00,-5.851674478912523014e+00,-5.892176080404547100e+00,-6.663026339473210768e+00,-8.585985898027111318e+00
-4.516986522115179703e+00,1.121789053783637469e+00,-4.560033362048342198e+00,-4.182191207802138599e+00,-8.168160707195768921e+00,-6.854658952181705622e+00
-6.115426898832777347e+00,-1.551077229763033749e+00,-6.123803135844648970e+00,-6.068627992789778602e+00,-1.033847052178602155e+01,-9.522770221801883039e+00
0.000000000000000000e+00,0.000000000000000000e+00,0.000000000000000000e+00,0.000000000000000000e+00,0.000000000000000000e+00,0.000000000000000000e+00
-8.885451844006903022e-01,-9.079782044645109407e-01,-8.716396160455558428e-01,-8.935826856774125027e-01,-4.306757689184165017e+00,-2.806807888818189767e+00
-1.776851188965984152e+00,-1.785189797996680205e+00,-1.728636783843212399e+00,-1.741837612309237837e+00,-6.119444596281745419e+00,-4.284353144669980296e+00
-1.310173363949963088e+00,-1.369065298330027991e+00,-1.342019132347139543e+00,-1.378311641184367886e+00,-6.326401951159489556e+00,-1.956007600758999931e+00
-1.165381894107688998e+00,-1.208919926081759355e+00,-1.159329322033024523e+00,-1.125607067381480419e+00,-3.563692223817403359e+00,-4.827908543182809709e+00
0.000000000000000000e+00,0.000000000000000000e+00,0.000000000000000000e+00,0.000000000000000000e+00,0.000000000000000000e+00,0.000000000000000000e+00
-6.593708011142966896e+00,-3.012662620582633899e+00,-6.523077336673087423e+00,-6.512266014468233166e+00,-9.771129118746403108e+00,-1.052278443774972239e+01
-4.008418031599477516e+00,-3.996100714848695112e+00,-4.048769986184956871e+00,2.449971390717412323e+00,-6.618675795381872007e+00,-8.458458189239577152e+00
-5.800089588564795839e+00,-1.592603901735448302e+00,-5.764466013843819958e+00,-5.782979768928360187e+00,-7.226328365694192790e+00,-1.033073468623679148e+01
-6.519897663877590510e+00,-5.286572884345562606e+00,-6.526898438552196424e+00,-6.548144700573628185e+00,-6.586900982453847142e+00,-8.770723714840396923e+00
0.000000000000000000e+00,0.000000000000000000e+00,0.000000000000000000e+00,0.000000000000000000e+00,0.000000000000000000e+00,0.000000000000000000e+00
-6.988190208559394101e+00,-4.467092099421813289e-01,-6.986813785356854822e+00,-6.980374066278706380e+00,-1.030753918385037693e+01,-8.997292119398814236e+00
-4.768619265229624204e+00,4.136744251374132597e-01,-4.777216740678178475e+00,-4.720267429358090183e+00,-9.644332577775664106e+00,-9.221008941868635844e+00
-4.713014737094279205e+00,5.513634062113237366e-01,-4.667307424515090730e+00,-4.688797194277464442e+00,-9.045203181461650033e+00,-9.702645141288423147e+00
-7.077859562552410111e+00,-2.584382058737331178e+00,-7.126103660564342412e+00,-7.102576385961013372e+00,-7.722440997673621688e+00,-9.510752474877007145e+00
0.000000000000000000e+00,0.000000000000000000e+00,0.000000000000000000e+00,0.000000000000000000e+00,0.000000000000000000e+00,0.000000000000000000e+00
-6.777528125313278196e+00,-1.288190818893640399e+00,-6.784049906655655882e+00,-6.802901903026758568e+00,-9.810096546415071117e+00,-8.896238985886562034e+00
-5.634988860891746221e+00,-2.292902976041668595e+00,-5.636671546909569841e+00,-5.645993907698188430e+00,-8.637421359517999164e+00,-5.721083082690369359e+00
-4.376685639916289006e+00,2.102617039404006682e+00,-4.442111038158914837e+00,-4.375132279610441266e+00,-7.743316561535326770e+00,-1.048002847832985829e+01
-6.008354049127904162e+00,-1.511299985055269524e+00,-6.005559482476046540e+00,-5.971014916281080609e+00,-1.058160683377072431e+01,-1.032769298231237798e+01
0.000000000000000000e+00,0.000000000000000000e+00,0.000000000000000000e+00,0.000000000000000000e+00,0.000000000000000000e+00,0.000000000000000000e+00
-9.856909023788866797e-01,-1.028239661215355705e+00,-9.769480672303335611e-01,-9.280900597058947543e-01,-5.484448732945720550e+00,-1.918810000000000127e+00
-1.558303188741650525e+00,-1.620713589832327939e+00,-1.650019615281523411e+00,-1.695699629658638852e+00,-6.012025529209741315e+00,-6.037850802990210042e+00
-1.446322444066823198e+00,-1.404801284140657192e+00,-1.371301386166649650e+00,-1.450187295397199927e+00,-7.187324067167477182e+00,-6.534703828000253623e+00
-1.187428574161042416e+00,-2.265763885522438237e-01,-1.205037903500742358e+00,-1.211208194978531827e+00,-8.047529474053920495e+00,-5.913830748931173886e+00
0.000000000000000000e+00,0.000000000000000000e+00,0.000000000000000000e+00,0.000000000000000000e+00,0.000000000000000000e+00,0.000000000000000000e+00
-7.694081592940677616e+00,-3.683015518239125985e+00,-7.676622305475323316e+00,-7.753263719874293969e+00,-8.735284181183356367e+00,-9.539846924847166676e+00
-5.008111063300645149e+00,2.182682609629032378e+00,-5.008538914671830433e+00,-5.054882493962134404e+00,-8.055994998316966971e+00,-7.958261593119617672e+00
-6.890150284206275622e+00,2.646558387314261185e-01,-6.894775107154284655e+00,-6.871849555869108173e+00,-9.000125772054619944e+00,-1.066969119982501013e+01
-5.307020612289842454e+00,-1.089823514869668220e+00,-5.348773370499042557e+00,-5.363151538100983551e+00,-7.904347147588278943e+00,-9.541958192349587975e+00
0.000000000000000000e+00,0.000000000000000000e+00,0.000000000000000000e+00,0.000000000000000000e+00,0.000000000000000000e+00,0.000000000000000000e+00
-5.665013818075302687e+00,-5.786294422171861518e-02,-5.641743011396093799e+00,-5.622532251880222987e+00,-8.861477835816790716e+00,-9.890044756088206768e+00
-3.876803295775653524e+00,1.059864143681913173e+00,-3.800694353715424079e+00,-3.858974741183367918e+00,-7.030444408246117050e+00,-1.052314231687740964e+01
-5.448952286045154914e+00,-1.465609417108820089e+00,-5.417798571502205007e+00,-5.387035635599017880e+00,-7.780968508066557376e+00,-9.142521767655669152e+00
-8.132812118890644371e+00,-2.375949828756241278e+00,-8.068841325716467949e+00,-8.087567613991149429e+00,-1.078722142502802228e+01,-1.126860207857983198e+01
0.000000000000000000e+00,0.000000000000000000e+00,0.000000000000000000e+00,0.000000000000000000e+00,0.000000000000000000e+00,0.000000000000000000e+00
-7.549420622193400376e+00,-1.489964153554965920e+00,-7.611054387022868184e+00,-7.556450833420919722e+00,-1.048223878962286015e+01,-1.044286147052912028e+01
-2.024127423663209413e+00,-1.965672245498220061e-01,1.609122603916359751e-01,5.111478509291589312e-01,1.072936333135025322e+01,-5.765470014610204252e+00
1.685259281402351261e+00,2.657484745167312479e+00,-1.855083668967314914e+00,1.732064872551462020e-01,1.297761792811990667e+01,-5.849044767907836118e+00
-1.117719826864850274e+00,-3.341786546521000600e-01,-1.148988605918720207e+00,-5.009803632048992483e-02,1.072936333135018039e+01,-7.275035248954321965e+00
0.000000000000000000e+00,0.000000000000000000e+00,0.000000000000000000e+00,0.000000000000000000e+00,0.000000000000000000e+00,0.000000000000000000e+00
2.816041483428224357e+00,1.184784174883870378e+01,-2.205984660850045298e+00,-1.891459417520044983e-01,-2.752318530539702657e+00,9.470771618783366819e-01
6.037968697297339205e+00,1.411880598799992015e+01,-1.495772167214234782e+00,2.465986821251043182e+00,-2.520327522672771714e+00,-1.928764193773848667e-01
1.538305204216498856e+00,1.184784174883870378e+01,-3.089095107867064094e+00,6.535940895041270071e-01,-5.531812394763717222e+00,1.347460153093282154e+00
1.313826328417329492e+01,1.339249298314819470e+01,5.809115975045139990e+00,1.508011027427814632e+01,6.766307248806360697e+00,1.999999999999998579e+01
0.000000000000000000e+00,0.000000000000000000e+00,0.000000000000000000e+00,0.000000000000000000e+00,0.000000000000000000e+00,0.000000000000000000e+00
-7.729984405675368819e+00,-6.156289605374529295e+00,-7.763153126222901435e+00,-7.725473971558304953e+00,-8.588416280357868970e+00,-9.755585617424120670e+00
-5.204887312670475552e+00,-2.890789679079444507e+00,-5.241516117887883297e+00,-5.163081036176903282e+00,-8.373998833816930443e+00,-7.091522392144871567e+00
-6.992893742284588932e+00,-6.939901133707302883e+00,-6.945825906507689496e+00,-4.321929278940478625e+00,-7.862826458765345805e+00,-9.942514707816840769e+00
-5.287890913823913408e+00,-4.290785246171280876e-01,-5.232883044693743102e+00,-5.239888845839697495e+00,-7.934050845596984480e+00,-9.133268142910074161e+00
0.000000000000000000e+00,0.000000000000000000e+00,0.000000000000000000e+00,0.000000000000000000e+00,0.000000000000000000e+00,0.000000000000000000e+00
-5.635073197128947164e+00,-1.100906886032475551e+00,-5.587727483463519995e+00,-5.635072801723352676e+00,-1.128995994743289266e+01,-1.050565335106422182e+01
-3.878976873544408566e+00,2.848451394799092484e-01,-3.862438177431593012e+00,-3.841595489619606507e+00,-8.368114357254953006e+00,-7.408304343968080907e+00
-5.588498363305253847e+00,-3.634635901323527207e+00,-5.545011142380606550e+00,-5.551413508243660644e+00,-6.086893411072356486e+00,-9.865946719113052765e+00
-8.261356041426946462e+00,-5.995466320490411505e+00,-8.333203400393074389e+00,-8.267639540284775990e+00,-1.082957157399076387e+01,-1.233829775684537822e+01
0.000000000000000000e+00,0.000000000000000000e+00,0.000000000000000000e+00,0.000000000000000000e+00,0.000000000000000000e+00,0.000000000000000000e+00
-7.813918165457526932e+00,-7.782277738373664100e+00,-7.853157229805207251e+00,-6.849614911946386719e+00,-1.075993399805716777e+01,-1.205402995122508436e+01
-3.732161634564641783e+00,-3.836669504999666191e+00,-3.703848329599071398e+00,8.506884325355636989e+00,-6.156854899544905280e+00,-4.197171414106146692e+00
-2.487949892874009361e+00,-2.532356521495390478e+00,-2.517912294571027942e+00,8.973760263615934818e+00,-3.747674718438603225e+00,-7.630732089593795564e+00
-4.114907300161211978e+00,-4.185602646831327434e+00,-4.150761042018195290e+00,7.916092450800435110e+00,-7.081937252907989588e+00,-6.325326279176734623e+00
0.000000000000000000e+00,0.000000000000000000e+00,0.000000000000000000e+00,0.000000000000000000e+00,0.000000000000000000e+00,0.000000000000000000e+00
-2.441008722967321631e+00,-2.440222904470180865e+00,-2.443077073526697784e+00,2.105731606822501156e+00,-6.149314350857348899e+00,-4.364475165876985585e+00
-1.089240584411150792e+00,8.407563562603619367e-01,-1.073146476390682835e+00,-1.163294109370243135e+00,-4.321355749800487978e+00,-4.269398177098871372e+00
-2.835941854782187299e+00,-2.839667980030111227e+00,-2.830509731296291243e+00,-1.381487338593323511e-01,-8.646054170293570706e+00,-9.043656579655751315e+00
3.258269390887641448e-02,0.000000000000000000e+00,0.000000000000000000e+00,1.403019248920206508e+01,-1.000000000000000000e+00,-1.000000000000000000e+00
